id,family,universe,tag,obj,k,cagr,maxdd,sharpe
DUALMOM6-K4-U8,dualmom,U8,engine-change,0.10983,1.00000,0.10983,-0.14646,0.91572
DUALMOM6-K4-U12,dualmom,U12,engine-change,0.09563,0.90397,0.10378,-0.16589,0.80967
DUALMOM6-K3-U8,dualmom,U8,engine-change,0.09363,0.86696,0.10509,-0.17378,0.80780
DUALMOMblend-K4-U8,dualmom,U8,engine-change,0.09257,0.86506,0.10423,-0.17206,0.85163
DUALMOMblend-K3-U8,dualmom,U8,engine-change,0.08629,0.78506,0.10475,-0.19011,0.78630
DUALMOMblend-K4-U12,dualmom,U12,engine-change,0.08286,0.80445,0.09847,-0.18451,0.77293
DUALMOMblend-K2-U8,dualmom,U8,engine-change,0.07858,0.67323,0.10713,-0.21750,0.73062
DUALMOMblend-K3-U12,dualmom,U12,engine-change,0.07406,0.71643,0.09570,-0.20518,0.70723
DUALMOM12-K4-U8,dualmom,U8,engine-change,0.07373,0.79118,0.08830,-0.20045,0.72584
DUALMOM3-K2-U8,dualmom,U8,engine-change,0.07278,0.54632,0.11837,-0.26388,0.80210
DUALMOM3-K4-U8,dualmom,U8,engine-change,0.07160,0.63271,0.10347,-0.23075,0.84324
DUALMOM3-K3-U8,dualmom,U8,engine-change,0.07075,0.53783,0.11743,-0.26660,0.87568
BASELINE8,meridian,,live-ready,0.07067,1.00000,0.07067,-0.14958,0.89586
TREND6-EW-U8,trend,U8,small-build,0.07015,1.00000,0.07015,-0.09636,0.90386
DUALMOM6-K3-U12,dualmom,U12,engine-change,0.06975,0.65579,0.09631,-0.23596,0.70030
TSMOM3-EW-U8,tsmom,U8,small-build,0.06825,1.00000,0.06825,-0.12489,0.87777
TSMOM12-EW-U8,tsmom,U8,small-build,0.06666,1.00000,0.06666,-0.10398,0.81753
DUALMOM12-K3-U8,dualmom,U8,engine-change,0.06647,0.70634,0.08610,-0.22841,0.66121
C3,meridian,,live-ready,0.06640,0.80300,0.07896,-0.18563,0.93203
DUALMOMblend-K2-U12,dualmom,U12,engine-change,0.06591,0.52440,0.10824,-0.27146,0.70079
TREND10-EW-U8,trend,U8,small-build,0.06504,1.00000,0.06504,-0.10125,0.80696
TREND6-IV-U8,trend,U8,engine-change,0.06502,1.00000,0.06502,-0.08294,0.99998
C1,meridian,,live-ready,0.06492,0.78280,0.07876,-0.19032,0.94489
TSMOMblend-EW-U8,tsmom,U8,small-build,0.06388,1.00000,0.06388,-0.09833,0.80180
TSMOM12-IV-U8,tsmom,U8,engine-change,0.06319,1.00000,0.06319,-0.09381,0.94893
TREND6-EW-U12,trend,U12,small-build,0.06318,1.00000,0.06318,-0.09760,0.84812
TREND12-EW-U8,trend,U8,small-build,0.06266,1.00000,0.06266,-0.09808,0.79092
TSMOM3-EW-U12,tsmom,U12,small-build,0.06242,1.00000,0.06242,-0.11950,0.84145
B3-6040+PAA,blend,,engine-change,0.06239,0.74847,0.07827,-0.19947,0.91822
TSMOM3-IV-U8,tsmom,U8,engine-change,0.06226,1.00000,0.06226,-0.10674,0.95828
DUALMOM3-K4-U12,dualmom,U12,engine-change,0.06219,0.57810,0.09498,-0.25027,0.75209
DUALMOM6-K2-U12,dualmom,U12,engine-change,0.06196,0.54740,0.09664,-0.28223,0.63718
DUALMOMblend-K3-U5,dualmom,U5,engine-change,0.06154,0.77481,0.07433,-0.19124,0.69477
TSMOM6-EW-U8,tsmom,U8,small-build,0.06129,1.00000,0.06129,-0.14188,0.76262
TREND10-IV-U8,trend,U8,engine-change,0.06123,1.00000,0.06123,-0.08525,0.90974
DUALMOM12-K4-U12,dualmom,U12,engine-change,0.06090,0.76054,0.07392,-0.20368,0.60156
TREND12-IV-U8,trend,U8,engine-change,0.06056,1.00000,0.06056,-0.08294,0.91002
TREND6-IV-U12,trend,U12,engine-change,0.06042,1.00000,0.06042,-0.11004,0.96619
TSMOMblend-EW-U12,tsmom,U12,small-build,0.06022,1.00000,0.06022,-0.11495,0.78940
DUALMOM6-K3-U5,dualmom,U5,engine-change,0.05996,0.82045,0.06908,-0.18045,0.63868
DUALMOMblend-K2-U5,dualmom,U5,engine-change,0.05995,0.72707,0.07525,-0.20768,0.61218
TSMOM6-EW-U12,tsmom,U12,small-build,0.05985,1.00000,0.05985,-0.14277,0.78748
TSMOMblend-IV-U8,tsmom,U8,engine-change,0.05966,1.00000,0.05966,-0.07677,0.90545
TREND12-EW-U12,trend,U12,small-build,0.05860,1.00000,0.05860,-0.11551,0.76877
TSMOMblend-IV-U12,tsmom,U12,engine-change,0.05846,1.00000,0.05846,-0.13531,0.91612
TSMOM12-EW-U12,tsmom,U12,small-build,0.05841,1.00000,0.05841,-0.14372,0.74711
TREND10-EW-U12,trend,U12,small-build,0.05801,1.00000,0.05801,-0.11095,0.76292
B1-6040+TREND10,blend,,small-build,0.05794,0.74781,0.07228,-0.19895,0.84763
B4-TREND10+DUALMOM12K3,blend,,engine-change,0.05762,0.86537,0.06385,-0.17233,0.64726
TREND12-IV-U12,trend,U12,engine-change,0.05754,1.00000,0.05754,-0.13826,0.89228
TSMOM3-IV-U12,tsmom,U12,engine-change,0.05736,1.00000,0.05736,-0.10460,0.93594
TREND10-IV-U12,trend,U12,engine-change,0.05703,1.00000,0.05703,-0.13826,0.88711
DUALMOM3-K3-U12,dualmom,U12,engine-change,0.05690,0.49536,0.09708,-0.28842,0.71741
TSMOM6-IV-U8,tsmom,U8,engine-change,0.05655,1.00000,0.05655,-0.11835,0.85619
DUALMOM6-K2-U5,dualmom,U5,engine-change,0.05652,0.59934,0.08209,-0.24719,0.64632
DUALMOMblend-K4-U5,dualmom,U5,engine-change,0.05611,0.94995,0.05816,-0.15761,0.64419
TRIMMED,meridian,,live-ready,0.05584,1.00000,0.05584,-0.11468,0.87814
TSMOM6-IV-U12,tsmom,U12,engine-change,0.05532,0.94470,0.05769,-0.15822,0.90807
B2-6040+DUALMOM12K3,blend,,engine-change,0.05483,0.62327,0.07790,-0.23417,0.71880
HOLD-IV-U8,hold,U8,engine-change,0.05477,0.62328,0.07851,-0.23691,0.83168
DUALMOM6-K2-U8,dualmom,U8,engine-change,0.05350,0.50999,0.08658,-0.30094,0.60676
TSMOM12-IV-U12,tsmom,U12,engine-change,0.05344,0.93355,0.05618,-0.15999,0.86489
DUALMOM6-K4-U5,dualmom,U5,engine-change,0.05333,0.93105,0.05597,-0.16050,0.59891
PAA-U12,paa,U12,engine-change,0.05322,0.71249,0.06825,-0.22496,0.74820
TSMOMblend-EW-U5,tsmom,U5,small-build,0.05096,1.00000,0.05096,-0.13970,0.67443
TREND6-EW-U5,trend,U5,small-build,0.05022,1.00000,0.05022,-0.12260,0.65891
DUALMOM12-K2-U8,dualmom,U8,engine-change,0.04902,0.57033,0.07076,-0.28734,0.51433
TREND12-EW-U5,trend,U5,small-build,0.04901,1.00000,0.04901,-0.13987,0.64562
DUALMOM3-K3-U5,dualmom,U5,engine-change,0.04861,0.53817,0.07632,-0.26671,0.70434
TREND10-EW-U5,trend,U5,small-build,0.04838,1.00000,0.04838,-0.14986,0.61729
SIXTY40,static,,live-ready,0.04816,0.47091,0.08457,-0.30790,0.76914
TSMOM6-EW-U5,tsmom,U5,small-build,0.04779,1.00000,0.04779,-0.14986,0.61966
TSMOM3-IV-U5,tsmom,U5,engine-change,0.04761,1.00000,0.04761,-0.10598,0.80746
DUALMOM12-K3-U12,dualmom,U12,engine-change,0.04729,0.58631,0.06714,-0.24624,0.52660
ALLWEATHER,static,,live-ready,0.04594,0.64269,0.06294,-0.23039,0.76015
TSMOM3-EW-U5,tsmom,U5,small-build,0.04580,0.80706,0.05297,-0.18402,0.68331
TREND6-IV-U5,trend,U5,engine-change,0.04573,1.00000,0.04573,-0.09746,0.77726
TSMOMblend-IV-U5,tsmom,U5,engine-change,0.04557,1.00000,0.04557,-0.09308,0.76980
TREND12-IV-U5,trend,U5,engine-change,0.04553,1.00000,0.04553,-0.09338,0.75518
TREND10-IV-U5,trend,U5,engine-change,0.04538,1.00000,0.04538,-0.10004,0.74256
DUALMOM3-K4-U5,dualmom,U5,engine-change,0.04527,0.64565,0.06114,-0.22628,0.64416
HOLD-EW-U8,hold,U8,live-ready,0.04460,0.40484,0.08585,-0.34824,0.67660
DUALMOM3-K2-U5,dualmom,U5,engine-change,0.04340,0.39852,0.08374,-0.34504,0.65423
TSMOM12-IV-U5,tsmom,U5,engine-change,0.04335,1.00000,0.04335,-0.12575,0.70548
SPY,static,,live-ready,0.04164,0.25547,0.11122,-0.51874,0.63133
TSMOM6-IV-U5,tsmom,U5,engine-change,0.04121,1.00000,0.04121,-0.10004,0.69938
DUALMOM12-K2-U5,dualmom,U5,engine-change,0.03979,0.46601,0.06497,-0.30060,0.52131
TSMOM12-EW-U5,tsmom,U5,small-build,0.03936,0.83974,0.04374,-0.17700,0.55236
DUALMOM3-K2-U12,dualmom,U12,engine-change,0.03840,0.31158,0.08491,-0.42601,0.57661
HOLD-IV-U12,hold,U12,engine-change,0.03830,0.42555,0.06861,-0.33196,0.64843
HOLD-EW-U12,hold,U12,live-ready,0.03693,0.33929,0.07656,-0.40199,0.59126
DUALMOM12-K4-U5,dualmom,U5,engine-change,0.03675,0.65544,0.04706,-0.23006,0.48797
DUALMOM12-K3-U5,dualmom,U5,engine-change,0.03563,0.49724,0.05426,-0.28490,0.49111
HOLD-IV-U5,hold,U5,engine-change,0.03430,0.51669,0.05150,-0.28008,0.55988
DUALMOM12-K2-U12,dualmom,U12,engine-change,0.03171,0.36886,0.05437,-0.36698,0.40618
HOLD-EW-U5,hold,U5,live-ready,0.02733,0.27016,0.05609,-0.48617,0.43463
