year,pick_all,k_all,pick_deployable,k_dep
2012,DUALMOM3-K3-U8,0.928,TSMOM3-EW-U8,1.000
2013,DUALMOM3-K3-U8,0.928,TSMOM3-EW-U8,1.000
2014,DUALMOM3-K3-U8,0.928,TSMOM3-EW-U8,1.000
2015,DUALMOM3-K3-U8,0.928,TSMOM3-EW-U8,1.000
2016,DUALMOM3-K4-U8,0.990,TSMOM3-EW-U8,1.000
2017,DUALMOM6-K4-U8,1.000,TREND6-EW-U8,1.000
2018,DUALMOM6-K4-U8,1.000,TREND6-EW-U8,1.000
2019,DUALMOM6-K4-U8,1.000,TREND6-EW-U8,1.000
2020,DUALMOM6-K4-U8,1.000,ALLWEATHER,0.889
2021,DUALMOM6-K4-U8,1.000,ALLWEATHER,0.889
2022,DUALMOM6-K4-U8,1.000,ALLWEATHER,0.889
2023,DUALMOM6-K4-U8,1.000,TREND6-EW-U8,1.000
2024,DUALMOM6-K4-U8,1.000,BASELINE8,1.000
2025,DUALMOM6-K4-U8,1.000,BASELINE8,1.000
2026,DUALMOM6-K4-U8,1.000,TREND6-EW-U8,1.000
